--------------------------------------------------------
-- Archivo creado  - miércoles-febrero-26-2020   
--------------------------------------------------------
--------------------------------------------------------
--  DDL for Table CLIENTES
--------------------------------------------------------

  CREATE TABLE "CLIENTES" 
   (	"TIPO_DOCUMENTO" VARCHAR2(2 BYTE), 
	"DOCUMENTO" NUMBER(*,0), 
	"PRIMER_NOMBRE" VARCHAR2(30 BYTE), 
	"SEGUNDO_NOMBRE" VARCHAR2(30 BYTE), 
	"PRIMER_APELLIDO" VARCHAR2(30 BYTE), 
	"SEGUNDO_APELLIDO" VARCHAR2(30 BYTE), 
	"CELULAR" VARCHAR2(10 BYTE), 
	"DIRECCION" VARCHAR2(200 BYTE), 
	"EMAIL" VARCHAR2(100 BYTE)
   ) SEGMENT CREATION IMMEDIATE 
  PCTFREE 10 PCTUSED 40 INITRANS 1 MAXTRANS 255 NOCOMPRESS LOGGING
  STORAGE(INITIAL 65536 NEXT 1048576 MINEXTENTS 1 MAXEXTENTS 2147483645
  PCTINCREASE 0 FREELISTS 1 FREELIST GROUPS 1 BUFFER_POOL DEFAULT FLASH_CACHE DEFAULT CELL_FLASH_CACHE DEFAULT)
  TABLESPACE "USERS" ;
 

   COMMENT ON COLUMN "CLIENTES"."TIPO_DOCUMENTO" IS '1. Cedula de ciudadanía - CC
2. Cedula de extrangería - CE
3. Tarjeta de identidad - TI';
--------------------------------------------------------
--  DDL for Table FOTOS
--------------------------------------------------------

  CREATE TABLE "FOTOS" 
   (	"CODIGO" NUMBER(*,0), 
	"RUTA" VARCHAR2(200 BYTE), 
	"COD_MANTENIMIENTO" NUMBER(*,0)
   ) SEGMENT CREATION IMMEDIATE 
  PCTFREE 10 PCTUSED 40 INITRANS 1 MAXTRANS 255 NOCOMPRESS LOGGING
  STORAGE(INITIAL 65536 NEXT 1048576 MINEXTENTS 1 MAXEXTENTS 2147483645
  PCTINCREASE 0 FREELISTS 1 FREELIST GROUPS 1 BUFFER_POOL DEFAULT FLASH_CACHE DEFAULT CELL_FLASH_CACHE DEFAULT)
  TABLESPACE "USERS" ;
--------------------------------------------------------
--  DDL for Table MANTENIMIENTOS
--------------------------------------------------------

  CREATE TABLE "MANTENIMIENTOS" 
   (	"CODIGO" NUMBER(*,0), 
	"ESTADO" NUMBER(*,0), 
	"COD_PLACA" VARCHAR2(6 BYTE), 
	"FECHA" DATE, 
	"MEC_DOCUMENTO" NUMBER(*,0), 
	"MEC_TIPO_DOCUMENTO" VARCHAR2(2 BYTE)
   ) SEGMENT CREATION IMMEDIATE 
  PCTFREE 10 PCTUSED 40 INITRANS 1 MAXTRANS 255 NOCOMPRESS LOGGING
  STORAGE(INITIAL 65536 NEXT 1048576 MINEXTENTS 1 MAXEXTENTS 2147483645
  PCTINCREASE 0 FREELISTS 1 FREELIST GROUPS 1 BUFFER_POOL DEFAULT FLASH_CACHE DEFAULT CELL_FLASH_CACHE DEFAULT)
  TABLESPACE "USERS" ;
 

   COMMENT ON COLUMN "MANTENIMIENTOS"."ESTADO" IS '1. Citado
2. Cotizado
3. Ejecutandose
4. Liquidado
5. Facturado';
--------------------------------------------------------
--  DDL for Table MARCAS
--------------------------------------------------------

  CREATE TABLE "MARCAS" 
   (	"CODIGO" NUMBER(*,0), 
	"NOMBRE_MARCA" VARCHAR2(30 BYTE)
   ) SEGMENT CREATION IMMEDIATE 
  PCTFREE 10 PCTUSED 40 INITRANS 1 MAXTRANS 255 NOCOMPRESS LOGGING
  STORAGE(INITIAL 65536 NEXT 1048576 MINEXTENTS 1 MAXEXTENTS 2147483645
  PCTINCREASE 0 FREELISTS 1 FREELIST GROUPS 1 BUFFER_POOL DEFAULT FLASH_CACHE DEFAULT CELL_FLASH_CACHE DEFAULT)
  TABLESPACE "USERS" ;
--------------------------------------------------------
--  DDL for Table MECANICOS
--------------------------------------------------------

  CREATE TABLE "MECANICOS" 
   (	"TIPO_DOCUMENTO" VARCHAR2(2 BYTE), 
	"DOCUMENTO" NUMBER(*,0), 
	"PRIMER_NOMBRE" VARCHAR2(30 BYTE), 
	"SEGUNDO_NOMBRE" VARCHAR2(30 BYTE), 
	"PRIMER_APELLIDO" VARCHAR2(30 BYTE), 
	"SEGUNDO_APELLIDO" VARCHAR2(30 BYTE), 
	"CELULAR" VARCHAR2(10 BYTE), 
	"DIRECCION" VARCHAR2(200 BYTE), 
	"EMAIL" VARCHAR2(100 BYTE), 
	"ESTADO" CHAR(1 BYTE)
   ) SEGMENT CREATION IMMEDIATE 
  PCTFREE 10 PCTUSED 40 INITRANS 1 MAXTRANS 255 NOCOMPRESS LOGGING
  STORAGE(INITIAL 65536 NEXT 1048576 MINEXTENTS 1 MAXEXTENTS 2147483645
  PCTINCREASE 0 FREELISTS 1 FREELIST GROUPS 1 BUFFER_POOL DEFAULT FLASH_CACHE DEFAULT CELL_FLASH_CACHE DEFAULT)
  TABLESPACE "USERS" ;
 

   COMMENT ON COLUMN "MECANICOS"."TIPO_DOCUMENTO" IS '1. Cedula de ciudadanía - CC
2. Cedula de extrangería - CE
3. Tarjeta de identidad - TI';
 
   COMMENT ON COLUMN "MECANICOS"."ESTADO" IS '0. Libre
1. Ocupado';
--------------------------------------------------------
--  DDL for Table REPUESTOS
--------------------------------------------------------

  CREATE TABLE "REPUESTOS" 
   (	"CODIGO" NUMBER(*,0), 
	"NOMBRE_REPUESTO" VARCHAR2(100 BYTE), 
	"PRECIO_UNITARIO" NUMBER, 
	"UNIDADES_INVENTARIO" NUMBER(*,0), 
	"PROVEEDOR" VARCHAR2(300 BYTE)
   ) SEGMENT CREATION IMMEDIATE 
  PCTFREE 10 PCTUSED 40 INITRANS 1 MAXTRANS 255 NOCOMPRESS LOGGING
  STORAGE(INITIAL 65536 NEXT 1048576 MINEXTENTS 1 MAXEXTENTS 2147483645
  PCTINCREASE 0 FREELISTS 1 FREELIST GROUPS 1 BUFFER_POOL DEFAULT FLASH_CACHE DEFAULT CELL_FLASH_CACHE DEFAULT)
  TABLESPACE "USERS" ;
--------------------------------------------------------
--  DDL for Table REPUESTOS_X_MANTENIMIENTOS
--------------------------------------------------------

  CREATE TABLE "REPUESTOS_X_MANTENIMIENTOS" 
   (	"CODIGO" NUMBER(*,0), 
	"UNIDADES" NUMBER(*,0), 
	"TIEMPO_ESTIMADO" NUMBER(*,0), 
	"COD_MANTENIMIENTO" NUMBER(*,0), 
	"COD_REPUESTO" NUMBER(*,0)
   ) SEGMENT CREATION IMMEDIATE 
  PCTFREE 10 PCTUSED 40 INITRANS 1 MAXTRANS 255 NOCOMPRESS LOGGING
  STORAGE(INITIAL 65536 NEXT 1048576 MINEXTENTS 1 MAXEXTENTS 2147483645
  PCTINCREASE 0 FREELISTS 1 FREELIST GROUPS 1 BUFFER_POOL DEFAULT FLASH_CACHE DEFAULT CELL_FLASH_CACHE DEFAULT)
  TABLESPACE "USERS" ;
 

   COMMENT ON COLUMN "REPUESTOS_X_MANTENIMIENTOS"."TIEMPO_ESTIMADO" IS 'En horas';
--------------------------------------------------------
--  DDL for Table SERVICIOS
--------------------------------------------------------

  CREATE TABLE "SERVICIOS" 
   (	"CODIGO" NUMBER(*,0), 
	"NOMBRE_SERVICIO" VARCHAR2(100 BYTE), 
	"PRECIO" NUMBER
   ) SEGMENT CREATION IMMEDIATE 
  PCTFREE 10 PCTUSED 40 INITRANS 1 MAXTRANS 255 NOCOMPRESS LOGGING
  STORAGE(INITIAL 65536 NEXT 1048576 MINEXTENTS 1 MAXEXTENTS 2147483645
  PCTINCREASE 0 FREELISTS 1 FREELIST GROUPS 1 BUFFER_POOL DEFAULT FLASH_CACHE DEFAULT CELL_FLASH_CACHE DEFAULT)
  TABLESPACE "USERS" ;
--------------------------------------------------------
--  DDL for Table SERVICIOS_X_MANTENIMIENTOS
--------------------------------------------------------

  CREATE TABLE "SERVICIOS_X_MANTENIMIENTOS" 
   (	"CODIGO" NUMBER(*,0), 
	"TIEMPO_ESTIMADO" NUMBER(*,0), 
	"COD_SERVICIO" NUMBER(*,0), 
	"COD_MANTENIMIENTO" NUMBER(*,0)
   ) SEGMENT CREATION IMMEDIATE 
  PCTFREE 10 PCTUSED 40 INITRANS 1 MAXTRANS 255 NOCOMPRESS LOGGING
  STORAGE(INITIAL 65536 NEXT 1048576 MINEXTENTS 1 MAXEXTENTS 2147483645
  PCTINCREASE 0 FREELISTS 1 FREELIST GROUPS 1 BUFFER_POOL DEFAULT FLASH_CACHE DEFAULT CELL_FLASH_CACHE DEFAULT)
  TABLESPACE "USERS" ;
 

   COMMENT ON COLUMN "SERVICIOS_X_MANTENIMIENTOS"."TIEMPO_ESTIMADO" IS 'En horas';
--------------------------------------------------------
--  DDL for Table VEHICULOS
--------------------------------------------------------

  CREATE TABLE "VEHICULOS" 
   (	"PLACA" VARCHAR2(6 BYTE), 
	"COLOR" VARCHAR2(30 BYTE), 
	"COD_MARCA" NUMBER(*,0), 
	"CLI_DOCUMENTO" NUMBER(*,0), 
	"CLI_TIPO_DOCUMENTO" VARCHAR2(2 BYTE)
   ) SEGMENT CREATION IMMEDIATE 
  PCTFREE 10 PCTUSED 40 INITRANS 1 MAXTRANS 255 NOCOMPRESS LOGGING
  STORAGE(INITIAL 65536 NEXT 1048576 MINEXTENTS 1 MAXEXTENTS 2147483645
  PCTINCREASE 0 FREELISTS 1 FREELIST GROUPS 1 BUFFER_POOL DEFAULT FLASH_CACHE DEFAULT CELL_FLASH_CACHE DEFAULT)
  TABLESPACE "USERS" ;
REM INSERTING into CLIENTES
SET DEFINE OFF;
Insert into CLIENTES (TIPO_DOCUMENTO,DOCUMENTO,PRIMER_NOMBRE,SEGUNDO_NOMBRE,PRIMER_APELLIDO,SEGUNDO_APELLIDO,CELULAR,DIRECCION,EMAIL) values ('CC','1070616978','JOSE','LUIS','HERNANDEZ','GIRALDO','3115889675','Crra 7 #58-63','joseh@gmail.com');
Insert into CLIENTES (TIPO_DOCUMENTO,DOCUMENTO,PRIMER_NOMBRE,SEGUNDO_NOMBRE,PRIMER_APELLIDO,SEGUNDO_APELLIDO,CELULAR,DIRECCION,EMAIL) values ('CC','1007355965','CARLOS','ANTONIO','GOMEZ','GUZMAN','3208659687','Manz L casa 6 B/ triunfo','antoniog@gmail.com');
Insert into CLIENTES (TIPO_DOCUMENTO,DOCUMENTO,PRIMER_NOMBRE,SEGUNDO_NOMBRE,PRIMER_APELLIDO,SEGUNDO_APELLIDO,CELULAR,DIRECCION,EMAIL) values ('CC','1007589631','MARIA ','CAMILA','JURADO','CABRERA','3014611231','Calle 68 #11-28','camilaj@gmail.com');
Insert into CLIENTES (TIPO_DOCUMENTO,DOCUMENTO,PRIMER_NOMBRE,SEGUNDO_NOMBRE,PRIMER_APELLIDO,SEGUNDO_APELLIDO,CELULAR,DIRECCION,EMAIL) values ('CC','1005423654','ALEX','DAVID','JIMENEZ','LOPEZ','3156248963','Crra 11 #94-68','davidl@gmail.com');
Insert into CLIENTES (TIPO_DOCUMENTO,DOCUMENTO,PRIMER_NOMBRE,SEGUNDO_NOMBRE,PRIMER_APELLIDO,SEGUNDO_APELLIDO,CELULAR,DIRECCION,EMAIL) values ('CC','1060611459','OMAR ','FELIPE','CASTAÑEDA ','CIFUENTES','3147885320','Calle 158 #165-62','felipec@gmail.com');
Insert into CLIENTES (TIPO_DOCUMENTO,DOCUMENTO,PRIMER_NOMBRE,SEGUNDO_NOMBRE,PRIMER_APELLIDO,SEGUNDO_APELLIDO,CELULAR,DIRECCION,EMAIL) values ('CC','1007596821','ALEANDRO ','DUVAN','AGUILAR ','BEDOYA','3024350989','Calle 27 #10-62','alejandrodv@gmail.com');
REM INSERTING into FOTOS
SET DEFINE OFF;
Insert into FOTOS (CODIGO,RUTA,COD_MANTENIMIENTO) values ('123','C:/FOTOS/F1.JPG','1');
Insert into FOTOS (CODIGO,RUTA,COD_MANTENIMIENTO) values ('2','C:/FOTOS/F2.JPG','1');
Insert into FOTOS (CODIGO,RUTA,COD_MANTENIMIENTO) values ('3','C:/FOTOS/F3.JPG','2');
Insert into FOTOS (CODIGO,RUTA,COD_MANTENIMIENTO) values ('4','C:/FOTOS/F4.JPG','3');
Insert into FOTOS (CODIGO,RUTA,COD_MANTENIMIENTO) values ('5','C:/FOTOS/F5.JPG','4');
Insert into FOTOS (CODIGO,RUTA,COD_MANTENIMIENTO) values ('6','C:/FOTOS/F6.JPG','5');
Insert into FOTOS (CODIGO,RUTA,COD_MANTENIMIENTO) values ('7','C:/FOTOS/F7.JPG','6');
Insert into FOTOS (CODIGO,RUTA,COD_MANTENIMIENTO) values ('8','C:/FOTOS/F8.JPG','7');
Insert into FOTOS (CODIGO,RUTA,COD_MANTENIMIENTO) values ('9','C:/FOTOS/F9.JPG','8');
Insert into FOTOS (CODIGO,RUTA,COD_MANTENIMIENTO) values ('10','C:/FOTOS/F10.JPG','9');
Insert into FOTOS (CODIGO,RUTA,COD_MANTENIMIENTO) values ('11','C:/FOTOS/F11.JPG','10');
Insert into FOTOS (CODIGO,RUTA,COD_MANTENIMIENTO) values ('12','C:/FOTOS/F12.JPG','11');
Insert into FOTOS (CODIGO,RUTA,COD_MANTENIMIENTO) values ('13','C:/FOTOS/F13.JPG','12');
Insert into FOTOS (CODIGO,RUTA,COD_MANTENIMIENTO) values ('14','C:/FOTOS/F14.JPG','13');
Insert into FOTOS (CODIGO,RUTA,COD_MANTENIMIENTO) values ('15','C:/FOTOS/F15.JPG','14');
Insert into FOTOS (CODIGO,RUTA,COD_MANTENIMIENTO) values ('16','C:/FOTOS/F16.JPG','15');
Insert into FOTOS (CODIGO,RUTA,COD_MANTENIMIENTO) values ('17','C:/FOTOS/F17.JPG','15');
Insert into FOTOS (CODIGO,RUTA,COD_MANTENIMIENTO) values ('18','C:/FOTOS/F18.JPG','15');
Insert into FOTOS (CODIGO,RUTA,COD_MANTENIMIENTO) values ('19','C:/FOTOS/F19.JPG','15');
Insert into FOTOS (CODIGO,RUTA,COD_MANTENIMIENTO) values ('20','C:/FOTOS/F20.JPG','15');
Insert into FOTOS (CODIGO,RUTA,COD_MANTENIMIENTO) values ('21','C:/FOTOS/F21.JPG','14');
Insert into FOTOS (CODIGO,RUTA,COD_MANTENIMIENTO) values ('22','C:/FOTOS/F22.JPG','13');
Insert into FOTOS (CODIGO,RUTA,COD_MANTENIMIENTO) values ('23','C:/FOTOS/F23.JPG','11');
Insert into FOTOS (CODIGO,RUTA,COD_MANTENIMIENTO) values ('24','C:/FOTOS/F24.JPG','12');
Insert into FOTOS (CODIGO,RUTA,COD_MANTENIMIENTO) values ('25','C:/FOTOS/F25.JPG','8');
Insert into FOTOS (CODIGO,RUTA,COD_MANTENIMIENTO) values ('26','C:/FOTOS/F26.JPG','4');
Insert into FOTOS (CODIGO,RUTA,COD_MANTENIMIENTO) values ('27','C:/FOTOS/F27.JPG','4');
Insert into FOTOS (CODIGO,RUTA,COD_MANTENIMIENTO) values ('28','C:/FOTOS/F28.JPG','4');
Insert into FOTOS (CODIGO,RUTA,COD_MANTENIMIENTO) values ('29','C:/FOTOS/F29.JPG','4');
Insert into FOTOS (CODIGO,RUTA,COD_MANTENIMIENTO) values ('30','C:/FOTOS/F30.JPG','4');
Insert into FOTOS (CODIGO,RUTA,COD_MANTENIMIENTO) values ('31','C:/FOTOS/F31.JPG','4');
Insert into FOTOS (CODIGO,RUTA,COD_MANTENIMIENTO) values ('32','C:/FOTOS/F32.JPG','4');
Insert into FOTOS (CODIGO,RUTA,COD_MANTENIMIENTO) values ('33','C:/FOTOS/F33.JPG','4');
Insert into FOTOS (CODIGO,RUTA,COD_MANTENIMIENTO) values ('34','C:/FOTOS/F34.JPG','1');
Insert into FOTOS (CODIGO,RUTA,COD_MANTENIMIENTO) values ('35','C:/FOTOS/F35.JPG','2');
Insert into FOTOS (CODIGO,RUTA,COD_MANTENIMIENTO) values ('36','C:/FOTOS/F36.JPG','3');
Insert into FOTOS (CODIGO,RUTA,COD_MANTENIMIENTO) values ('37','C:/FOTOS/F37.JPG','6');
Insert into FOTOS (CODIGO,RUTA,COD_MANTENIMIENTO) values ('38','C:/FOTOS/F38.JPG','7');
Insert into FOTOS (CODIGO,RUTA,COD_MANTENIMIENTO) values ('39','C:/FOTOS/F39.JPG','8');
Insert into FOTOS (CODIGO,RUTA,COD_MANTENIMIENTO) values ('40','C:/FOTOS/F40.JPG','9');
Insert into FOTOS (CODIGO,RUTA,COD_MANTENIMIENTO) values ('41','C:/FOTOS/F41.JPG','10');
Insert into FOTOS (CODIGO,RUTA,COD_MANTENIMIENTO) values ('42','C:/FOTOS/F42.JPG','10');
Insert into FOTOS (CODIGO,RUTA,COD_MANTENIMIENTO) values ('43','C:/FOTOS/F43.JPG','10');
Insert into FOTOS (CODIGO,RUTA,COD_MANTENIMIENTO) values ('44','C:/FOTOS/F44.JPG','9');
Insert into FOTOS (CODIGO,RUTA,COD_MANTENIMIENTO) values ('45','C:/FOTOS/F45.JPG','9');
REM INSERTING into MANTENIMIENTOS
SET DEFINE OFF;
Insert into MANTENIMIENTOS (CODIGO,ESTADO,COD_PLACA,FECHA,MEC_DOCUMENTO,MEC_TIPO_DOCUMENTO) values ('1','1','CMW589',to_date('11/03/98','DD/MM/RR'),'1070616981','CC');
Insert into MANTENIMIENTOS (CODIGO,ESTADO,COD_PLACA,FECHA,MEC_DOCUMENTO,MEC_TIPO_DOCUMENTO) values ('2','2','CMW589',to_date('29/09/99','DD/MM/RR'),'1070616981','CC');
Insert into MANTENIMIENTOS (CODIGO,ESTADO,COD_PLACA,FECHA,MEC_DOCUMENTO,MEC_TIPO_DOCUMENTO) values ('3','3','CMW589',to_date('15/02/00','DD/MM/RR'),'1060611460','CC');
Insert into MANTENIMIENTOS (CODIGO,ESTADO,COD_PLACA,FECHA,MEC_DOCUMENTO,MEC_TIPO_DOCUMENTO) values ('4','4','WER598',to_date('06/08/98','DD/MM/RR'),'1060611461','CC');
Insert into MANTENIMIENTOS (CODIGO,ESTADO,COD_PLACA,FECHA,MEC_DOCUMENTO,MEC_TIPO_DOCUMENTO) values ('5','5','WER598',to_date('14/05/75','DD/MM/RR'),'1007355965','CC');
Insert into MANTENIMIENTOS (CODIGO,ESTADO,COD_PLACA,FECHA,MEC_DOCUMENTO,MEC_TIPO_DOCUMENTO) values ('6','3','JHL402',to_date('24/03/58','DD/MM/RR'),'1007355966','CC');
Insert into MANTENIMIENTOS (CODIGO,ESTADO,COD_PLACA,FECHA,MEC_DOCUMENTO,MEC_TIPO_DOCUMENTO) values ('7','4','JHL402',to_date('01/12/63','DD/MM/RR'),'1007355967','CC');
Insert into MANTENIMIENTOS (CODIGO,ESTADO,COD_PLACA,FECHA,MEC_DOCUMENTO,MEC_TIPO_DOCUMENTO) values ('8','2','JHL402',to_date('05/02/54','DD/MM/RR'),'1007355968','CC');
Insert into MANTENIMIENTOS (CODIGO,ESTADO,COD_PLACA,FECHA,MEC_DOCUMENTO,MEC_TIPO_DOCUMENTO) values ('9','1','WTH508',to_date('18/11/97','DD/MM/RR'),'1007355969','CC');
Insert into MANTENIMIENTOS (CODIGO,ESTADO,COD_PLACA,FECHA,MEC_DOCUMENTO,MEC_TIPO_DOCUMENTO) values ('10','5','WTH508',to_date('24/12/84','DD/MM/RR'),'1007355970','CC');
Insert into MANTENIMIENTOS (CODIGO,ESTADO,COD_PLACA,FECHA,MEC_DOCUMENTO,MEC_TIPO_DOCUMENTO) values ('11','5','WTH508',to_date('28/09/00','DD/MM/RR'),'1070956878','CC');
Insert into MANTENIMIENTOS (CODIGO,ESTADO,COD_PLACA,FECHA,MEC_DOCUMENTO,MEC_TIPO_DOCUMENTO) values ('12','5','HGY146',to_date('09/09/99','DD/MM/RR'),'1060611461','CC');
Insert into MANTENIMIENTOS (CODIGO,ESTADO,COD_PLACA,FECHA,MEC_DOCUMENTO,MEC_TIPO_DOCUMENTO) values ('13','4','CMW589',to_date('12/12/41','DD/MM/RR'),'1007355968','CC');
Insert into MANTENIMIENTOS (CODIGO,ESTADO,COD_PLACA,FECHA,MEC_DOCUMENTO,MEC_TIPO_DOCUMENTO) values ('14','3','WER598',to_date('29/12/52','DD/MM/RR'),'1007355970','CC');
Insert into MANTENIMIENTOS (CODIGO,ESTADO,COD_PLACA,FECHA,MEC_DOCUMENTO,MEC_TIPO_DOCUMENTO) values ('15','3','WER598',to_date('15/12/65','DD/MM/RR'),'1070616981','CC');
REM INSERTING into MARCAS
SET DEFINE OFF;
Insert into MARCAS (CODIGO,NOMBRE_MARCA) values ('1','AUDI');
Insert into MARCAS (CODIGO,NOMBRE_MARCA) values ('2','BMW');
Insert into MARCAS (CODIGO,NOMBRE_MARCA) values ('3','RENAULT');
Insert into MARCAS (CODIGO,NOMBRE_MARCA) values ('4','NISSAN');
Insert into MARCAS (CODIGO,NOMBRE_MARCA) values ('5','FERRARY');
REM INSERTING into MECANICOS
SET DEFINE OFF;
Insert into MECANICOS (TIPO_DOCUMENTO,DOCUMENTO,PRIMER_NOMBRE,SEGUNDO_NOMBRE,PRIMER_APELLIDO,SEGUNDO_APELLIDO,CELULAR,DIRECCION,EMAIL,ESTADO) values ('CC','1070616978','DIAZ','JULIAN','HERNANDEZ ','GONZALES','3115699675','Crra 15 #77-63','diazh@gmail.com','0');
Insert into MECANICOS (TIPO_DOCUMENTO,DOCUMENTO,PRIMER_NOMBRE,SEGUNDO_NOMBRE,PRIMER_APELLIDO,SEGUNDO_APELLIDO,CELULAR,DIRECCION,EMAIL,ESTADO) values ('CC','1070616979','DIEGO ','FERNEY','GONZALES','DUQUE','3115699676','Crra 11 #42-64','diegog@gmail.com','0');
Insert into MECANICOS (TIPO_DOCUMENTO,DOCUMENTO,PRIMER_NOMBRE,SEGUNDO_NOMBRE,PRIMER_APELLIDO,SEGUNDO_APELLIDO,CELULAR,DIRECCION,EMAIL,ESTADO) values ('CC','1070616980','DAMIAN','DIMAS','FERREIRA','GUAUQUE','3115889677','Crra 8 #57-65','damianf@gmail.com','0');
Insert into MECANICOS (TIPO_DOCUMENTO,DOCUMENTO,PRIMER_NOMBRE,SEGUNDO_NOMBRE,PRIMER_APELLIDO,SEGUNDO_APELLIDO,CELULAR,DIRECCION,EMAIL,ESTADO) values ('CC','1070616981','LUIGER','ANGEL','VELEZ','PALACIOS','3115759678','Crra 3 #52-66','luigerv@gmail.com','1');
Insert into MECANICOS (TIPO_DOCUMENTO,DOCUMENTO,PRIMER_NOMBRE,SEGUNDO_NOMBRE,PRIMER_APELLIDO,SEGUNDO_APELLIDO,CELULAR,DIRECCION,EMAIL,ESTADO) values ('CC','1070616982','MATHIAS','ANTONIO','OSWALDO','VERA','3115759679','Crra 4 #58-67','mathiaso@gmail.com','1');
Insert into MECANICOS (TIPO_DOCUMENTO,DOCUMENTO,PRIMER_NOMBRE,SEGUNDO_NOMBRE,PRIMER_APELLIDO,SEGUNDO_APELLIDO,CELULAR,DIRECCION,EMAIL,ESTADO) values ('CC','1070616983','ANDRUS','FELIPE','GUZMAN','GUZMAN','3115759680','Crra 2 #56-68','andrusg@gmail.com','1');
Insert into MECANICOS (TIPO_DOCUMENTO,DOCUMENTO,PRIMER_NOMBRE,SEGUNDO_NOMBRE,PRIMER_APELLIDO,SEGUNDO_APELLIDO,CELULAR,DIRECCION,EMAIL,ESTADO) values ('CC','1060611459','LUIS','FELIPE','RODRIGUEZ','CARANTON','3115759681','Crra 1 #53-69','luisr@gmail.com','0');
Insert into MECANICOS (TIPO_DOCUMENTO,DOCUMENTO,PRIMER_NOMBRE,SEGUNDO_NOMBRE,PRIMER_APELLIDO,SEGUNDO_APELLIDO,CELULAR,DIRECCION,EMAIL,ESTADO) values ('CC','1060611460','OMAR','DAVID','DIAZ ','LOZANO','3115759682','Crra 9 #59-70','omard@gmail.com','1');
Insert into MECANICOS (TIPO_DOCUMENTO,DOCUMENTO,PRIMER_NOMBRE,SEGUNDO_NOMBRE,PRIMER_APELLIDO,SEGUNDO_APELLIDO,CELULAR,DIRECCION,EMAIL,ESTADO) values ('CC','1060611461','GIANCARLOS','CAMILO','OSPINA','LOZANO','3115889683','Crra 7 #51-71','giancarloso@gmail.com','1');
Insert into MECANICOS (TIPO_DOCUMENTO,DOCUMENTO,PRIMER_NOMBRE,SEGUNDO_NOMBRE,PRIMER_APELLIDO,SEGUNDO_APELLIDO,CELULAR,DIRECCION,EMAIL,ESTADO) values ('CC','1007355965','JUAN ','CAMILO','CASTAÑEDA','CIFUENTES','3115889684','Crra 14 #48-72','juanc@gmail.com','1');
Insert into MECANICOS (TIPO_DOCUMENTO,DOCUMENTO,PRIMER_NOMBRE,SEGUNDO_NOMBRE,PRIMER_APELLIDO,SEGUNDO_APELLIDO,CELULAR,DIRECCION,EMAIL,ESTADO) values ('CC','1007355966','CRISTIAN','RICARDO','ROJAS ','RODRIGUEZ','3156248963','Calle 142 #165-62','cristianr@gmail.com','1');
Insert into MECANICOS (TIPO_DOCUMENTO,DOCUMENTO,PRIMER_NOMBRE,SEGUNDO_NOMBRE,PRIMER_APELLIDO,SEGUNDO_APELLIDO,CELULAR,DIRECCION,EMAIL,ESTADO) values ('CC','1007355967','NELSON','STIVENS','SALAMANCA','PALACIOS','3156248964','Calle 135 #165-63','nelsons@gmail.com','1');
Insert into MECANICOS (TIPO_DOCUMENTO,DOCUMENTO,PRIMER_NOMBRE,SEGUNDO_NOMBRE,PRIMER_APELLIDO,SEGUNDO_APELLIDO,CELULAR,DIRECCION,EMAIL,ESTADO) values ('CC','1007355968','JUAN DIEGO','ENRIQUE','LOPEZ','ARROYAVE','3156248965','Calle 169 #165-64','juan diegol@gmail.com','1');
Insert into MECANICOS (TIPO_DOCUMENTO,DOCUMENTO,PRIMER_NOMBRE,SEGUNDO_NOMBRE,PRIMER_APELLIDO,SEGUNDO_APELLIDO,CELULAR,DIRECCION,EMAIL,ESTADO) values ('CC','1007355969','JIGGY','SANTIAGO','ALTAMIRANDA','PADILLA','3156248966','Calle 122 #165-65','jiggya@gmail.com','1');
Insert into MECANICOS (TIPO_DOCUMENTO,DOCUMENTO,PRIMER_NOMBRE,SEGUNDO_NOMBRE,PRIMER_APELLIDO,SEGUNDO_APELLIDO,CELULAR,DIRECCION,EMAIL,ESTADO) values ('CC','1007355970','INGRID','VALERIA','MOJICA','GONZALES','3156248967','Calle 111 #165-66','ingridm@gmail.com','1');
Insert into MECANICOS (TIPO_DOCUMENTO,DOCUMENTO,PRIMER_NOMBRE,SEGUNDO_NOMBRE,PRIMER_APELLIDO,SEGUNDO_APELLIDO,CELULAR,DIRECCION,EMAIL,ESTADO) values ('CC','1070956878','KELLY','NATALIA','RODRIGUEZ','CABEZAS','3014611231','Calle 141 #165-67','kellyr@gmail.com','1');
Insert into MECANICOS (TIPO_DOCUMENTO,DOCUMENTO,PRIMER_NOMBRE,SEGUNDO_NOMBRE,PRIMER_APELLIDO,SEGUNDO_APELLIDO,CELULAR,DIRECCION,EMAIL,ESTADO) values ('CC','1070956879','KAREN','ANDREA','RODRIGUEZ','CABEZAS','3014611232','Calle 136 #165-68','karenr@gmail.com','0');
Insert into MECANICOS (TIPO_DOCUMENTO,DOCUMENTO,PRIMER_NOMBRE,SEGUNDO_NOMBRE,PRIMER_APELLIDO,SEGUNDO_APELLIDO,CELULAR,DIRECCION,EMAIL,ESTADO) values ('CC','1070956880','SHIRLEY','DANIELA','OSPINA ','MUÑOZ','3014611233','Calle 109 #165-69','shirleyo@gmail.com','0');
Insert into MECANICOS (TIPO_DOCUMENTO,DOCUMENTO,PRIMER_NOMBRE,SEGUNDO_NOMBRE,PRIMER_APELLIDO,SEGUNDO_APELLIDO,CELULAR,DIRECCION,EMAIL,ESTADO) values ('CC','1070956881','ANGEE ','DANIELA','LOZANO','OSPINA','3014611234','Calle 115 #165-70','angeel@gmail.com','0');
Insert into MECANICOS (TIPO_DOCUMENTO,DOCUMENTO,PRIMER_NOMBRE,SEGUNDO_NOMBRE,PRIMER_APELLIDO,SEGUNDO_APELLIDO,CELULAR,DIRECCION,EMAIL,ESTADO) values ('CC','1070956882','KAREN','PAOLA','CASTRO ','SUESCA','3014611235','Calle 158 #165-71','karenc@gmail.com','0');
Insert into MECANICOS (TIPO_DOCUMENTO,DOCUMENTO,PRIMER_NOMBRE,SEGUNDO_NOMBRE,PRIMER_APELLIDO,SEGUNDO_APELLIDO,CELULAR,DIRECCION,EMAIL,ESTADO) values ('CC','128988','LEONARDO','ANDRES','PUERTO','PEREZ','300232333','CARRERA 45 N23-23','LEO@GMAIL.COM','1');
Insert into MECANICOS (TIPO_DOCUMENTO,DOCUMENTO,PRIMER_NOMBRE,SEGUNDO_NOMBRE,PRIMER_APELLIDO,SEGUNDO_APELLIDO,CELULAR,DIRECCION,EMAIL,ESTADO) values ('CC','23232','ANDRES','PEREZ','JUANA','GUTIERRES','32045676','CARRERA 45 N 23-12','ANDRES GONZALEZ','1');
REM INSERTING into REPUESTOS
SET DEFINE OFF;
REM INSERTING into REPUESTOS_X_MANTENIMIENTOS
SET DEFINE OFF;
REM INSERTING into SERVICIOS
SET DEFINE OFF;
Insert into SERVICIOS (CODIGO,NOMBRE_SERVICIO,PRECIO) values ('1','LAVADO AUTOMOVIL','15000');
Insert into SERVICIOS (CODIGO,NOMBRE_SERVICIO,PRECIO) values ('2','LAVADO MOTOS','10000');
Insert into SERVICIOS (CODIGO,NOMBRE_SERVICIO,PRECIO) values ('3','CAMBIO DE ACEITE ','20000');
Insert into SERVICIOS (CODIGO,NOMBRE_SERVICIO,PRECIO) values ('4','DESPINCHADA MOTO','5000');
Insert into SERVICIOS (CODIGO,NOMBRE_SERVICIO,PRECIO) values ('5','DESPINCHADA CARRO','6000');
Insert into SERVICIOS (CODIGO,NOMBRE_SERVICIO,PRECIO) values ('6','CAMBIO DE CORAZA MOTO','23000');
Insert into SERVICIOS (CODIGO,NOMBRE_SERVICIO,PRECIO) values ('7','CALIBRACION','1000');
Insert into SERVICIOS (CODIGO,NOMBRE_SERVICIO,PRECIO) values ('8','CAMBIO DE ESPEJOS','15000');
Insert into SERVICIOS (CODIGO,NOMBRE_SERVICIO,PRECIO) values ('9','ENGRASAR LA CADENA','8000');
Insert into SERVICIOS (CODIGO,NOMBRE_SERVICIO,PRECIO) values ('10','ARRELGAR VELOCIMETRO','12000');
REM INSERTING into SERVICIOS_X_MANTENIMIENTOS
SET DEFINE OFF;
Insert into SERVICIOS_X_MANTENIMIENTOS (CODIGO,TIEMPO_ESTIMADO,COD_SERVICIO,COD_MANTENIMIENTO) values ('1','2','1','5');
Insert into SERVICIOS_X_MANTENIMIENTOS (CODIGO,TIEMPO_ESTIMADO,COD_SERVICIO,COD_MANTENIMIENTO) values ('2','1','2','3');
Insert into SERVICIOS_X_MANTENIMIENTOS (CODIGO,TIEMPO_ESTIMADO,COD_SERVICIO,COD_MANTENIMIENTO) values ('3','2','10','2');
Insert into SERVICIOS_X_MANTENIMIENTOS (CODIGO,TIEMPO_ESTIMADO,COD_SERVICIO,COD_MANTENIMIENTO) values ('4','1','9','7');
Insert into SERVICIOS_X_MANTENIMIENTOS (CODIGO,TIEMPO_ESTIMADO,COD_SERVICIO,COD_MANTENIMIENTO) values ('5','1','8','13');
Insert into SERVICIOS_X_MANTENIMIENTOS (CODIGO,TIEMPO_ESTIMADO,COD_SERVICIO,COD_MANTENIMIENTO) values ('6','1','6','11');
Insert into SERVICIOS_X_MANTENIMIENTOS (CODIGO,TIEMPO_ESTIMADO,COD_SERVICIO,COD_MANTENIMIENTO) values ('7','2','1','8');
Insert into SERVICIOS_X_MANTENIMIENTOS (CODIGO,TIEMPO_ESTIMADO,COD_SERVICIO,COD_MANTENIMIENTO) values ('8','2','2','9');
Insert into SERVICIOS_X_MANTENIMIENTOS (CODIGO,TIEMPO_ESTIMADO,COD_SERVICIO,COD_MANTENIMIENTO) values ('9','2','10','4');
Insert into SERVICIOS_X_MANTENIMIENTOS (CODIGO,TIEMPO_ESTIMADO,COD_SERVICIO,COD_MANTENIMIENTO) values ('10','1','8','3');
Insert into SERVICIOS_X_MANTENIMIENTOS (CODIGO,TIEMPO_ESTIMADO,COD_SERVICIO,COD_MANTENIMIENTO) values ('11','2','1','1');
Insert into SERVICIOS_X_MANTENIMIENTOS (CODIGO,TIEMPO_ESTIMADO,COD_SERVICIO,COD_MANTENIMIENTO) values ('12','1','2','15');
Insert into SERVICIOS_X_MANTENIMIENTOS (CODIGO,TIEMPO_ESTIMADO,COD_SERVICIO,COD_MANTENIMIENTO) values ('13','1','8','14');
Insert into SERVICIOS_X_MANTENIMIENTOS (CODIGO,TIEMPO_ESTIMADO,COD_SERVICIO,COD_MANTENIMIENTO) values ('14','1','9','13');
Insert into SERVICIOS_X_MANTENIMIENTOS (CODIGO,TIEMPO_ESTIMADO,COD_SERVICIO,COD_MANTENIMIENTO) values ('15','2','1','5');
Insert into SERVICIOS_X_MANTENIMIENTOS (CODIGO,TIEMPO_ESTIMADO,COD_SERVICIO,COD_MANTENIMIENTO) values ('16','1','7','10');
Insert into SERVICIOS_X_MANTENIMIENTOS (CODIGO,TIEMPO_ESTIMADO,COD_SERVICIO,COD_MANTENIMIENTO) values ('17','1','9','14');
Insert into SERVICIOS_X_MANTENIMIENTOS (CODIGO,TIEMPO_ESTIMADO,COD_SERVICIO,COD_MANTENIMIENTO) values ('18','2','1','1');
Insert into SERVICIOS_X_MANTENIMIENTOS (CODIGO,TIEMPO_ESTIMADO,COD_SERVICIO,COD_MANTENIMIENTO) values ('19','2','2','2');
REM INSERTING into VEHICULOS
SET DEFINE OFF;
Insert into VEHICULOS (PLACA,COLOR,COD_MARCA,CLI_DOCUMENTO,CLI_TIPO_DOCUMENTO) values ('CMW589','NEGRO','1','1070616978','CC');
Insert into VEHICULOS (PLACA,COLOR,COD_MARCA,CLI_DOCUMENTO,CLI_TIPO_DOCUMENTO) values ('HGY146','NEGRO','1','1070616978','CC');
Insert into VEHICULOS (PLACA,COLOR,COD_MARCA,CLI_DOCUMENTO,CLI_TIPO_DOCUMENTO) values ('WER598','GRIS','1','1070616978','CC');
Insert into VEHICULOS (PLACA,COLOR,COD_MARCA,CLI_DOCUMENTO,CLI_TIPO_DOCUMENTO) values ('WTH508','AZUL','3','1007355965','CC');
Insert into VEHICULOS (PLACA,COLOR,COD_MARCA,CLI_DOCUMENTO,CLI_TIPO_DOCUMENTO) values ('JHL402','ROJO','3','1007355965','CC');
Insert into VEHICULOS (PLACA,COLOR,COD_MARCA,CLI_DOCUMENTO,CLI_TIPO_DOCUMENTO) values ('ASD789','BLANCO','3','1007355965','CC');
Insert into VEHICULOS (PLACA,COLOR,COD_MARCA,CLI_DOCUMENTO,CLI_TIPO_DOCUMENTO) values ('LOP123','NEGRO','2','1007355965','CC');
Insert into VEHICULOS (PLACA,COLOR,COD_MARCA,CLI_DOCUMENTO,CLI_TIPO_DOCUMENTO) values ('FGH000','BLANCO','2','1007589631','CC');
Insert into VEHICULOS (PLACA,COLOR,COD_MARCA,CLI_DOCUMENTO,CLI_TIPO_DOCUMENTO) values ('WZX113','VERDE','2','1007589631','CC');
Insert into VEHICULOS (PLACA,COLOR,COD_MARCA,CLI_DOCUMENTO,CLI_TIPO_DOCUMENTO) values ('TYU333','MORADO','4','1007355965','CC');
Insert into VEHICULOS (PLACA,COLOR,COD_MARCA,CLI_DOCUMENTO,CLI_TIPO_DOCUMENTO) values ('ÑLK321','AMARILLO','4','1005423654','CC');
Insert into VEHICULOS (PLACA,COLOR,COD_MARCA,CLI_DOCUMENTO,CLI_TIPO_DOCUMENTO) values ('VBN444','AZUL','4','1060611459','CC');
Insert into VEHICULOS (PLACA,COLOR,COD_MARCA,CLI_DOCUMENTO,CLI_TIPO_DOCUMENTO) values ('MXZ555','NEGRO MATE','5','1060611459','CC');
Insert into VEHICULOS (PLACA,COLOR,COD_MARCA,CLI_DOCUMENTO,CLI_TIPO_DOCUMENTO) values ('JVB693','ROJO','5','1060611459','CC');
Insert into VEHICULOS (PLACA,COLOR,COD_MARCA,CLI_DOCUMENTO,CLI_TIPO_DOCUMENTO) values ('JSJ111','GRIS','5','1007596821','CC');
--------------------------------------------------------
--  DDL for Index CLIENTES_PK
--------------------------------------------------------

  CREATE UNIQUE INDEX "CLIENTES_PK" ON "CLIENTES" ("DOCUMENTO", "TIPO_DOCUMENTO") 
  PCTFREE 10 INITRANS 2 MAXTRANS 255 COMPUTE STATISTICS 
  STORAGE(INITIAL 65536 NEXT 1048576 MINEXTENTS 1 MAXEXTENTS 2147483645
  PCTINCREASE 0 FREELISTS 1 FREELIST GROUPS 1 BUFFER_POOL DEFAULT FLASH_CACHE DEFAULT CELL_FLASH_CACHE DEFAULT)
  TABLESPACE "USERS" ;
--------------------------------------------------------
--  DDL for Index FOTOS_PK
--------------------------------------------------------

  CREATE UNIQUE INDEX "FOTOS_PK" ON "FOTOS" ("CODIGO") 
  PCTFREE 10 INITRANS 2 MAXTRANS 255 COMPUTE STATISTICS 
  STORAGE(INITIAL 65536 NEXT 1048576 MINEXTENTS 1 MAXEXTENTS 2147483645
  PCTINCREASE 0 FREELISTS 1 FREELIST GROUPS 1 BUFFER_POOL DEFAULT FLASH_CACHE DEFAULT CELL_FLASH_CACHE DEFAULT)
  TABLESPACE "USERS" ;
--------------------------------------------------------
--  DDL for Index MARCAS_PK
--------------------------------------------------------

  CREATE UNIQUE INDEX "MARCAS_PK" ON "MARCAS" ("CODIGO") 
  PCTFREE 10 INITRANS 2 MAXTRANS 255 COMPUTE STATISTICS 
  STORAGE(INITIAL 65536 NEXT 1048576 MINEXTENTS 1 MAXEXTENTS 2147483645
  PCTINCREASE 0 FREELISTS 1 FREELIST GROUPS 1 BUFFER_POOL DEFAULT FLASH_CACHE DEFAULT CELL_FLASH_CACHE DEFAULT)
  TABLESPACE "USERS" ;
--------------------------------------------------------
--  DDL for Index MECANICOS_PK
--------------------------------------------------------

  CREATE UNIQUE INDEX "MECANICOS_PK" ON "MECANICOS" ("DOCUMENTO", "TIPO_DOCUMENTO") 
  PCTFREE 10 INITRANS 2 MAXTRANS 255 COMPUTE STATISTICS 
  STORAGE(INITIAL 65536 NEXT 1048576 MINEXTENTS 1 MAXEXTENTS 2147483645
  PCTINCREASE 0 FREELISTS 1 FREELIST GROUPS 1 BUFFER_POOL DEFAULT FLASH_CACHE DEFAULT CELL_FLASH_CACHE DEFAULT)
  TABLESPACE "USERS" ;
--------------------------------------------------------
--  DDL for Index MTOS_PK
--------------------------------------------------------

  CREATE UNIQUE INDEX "MTOS_PK" ON "MANTENIMIENTOS" ("CODIGO") 
  PCTFREE 10 INITRANS 2 MAXTRANS 255 COMPUTE STATISTICS 
  STORAGE(INITIAL 65536 NEXT 1048576 MINEXTENTS 1 MAXEXTENTS 2147483645
  PCTINCREASE 0 FREELISTS 1 FREELIST GROUPS 1 BUFFER_POOL DEFAULT FLASH_CACHE DEFAULT CELL_FLASH_CACHE DEFAULT)
  TABLESPACE "USERS" ;
--------------------------------------------------------
--  DDL for Index REPUESTOS_PK
--------------------------------------------------------

  CREATE UNIQUE INDEX "REPUESTOS_PK" ON "REPUESTOS" ("CODIGO") 
  PCTFREE 10 INITRANS 2 MAXTRANS 255 COMPUTE STATISTICS 
  STORAGE(INITIAL 65536 NEXT 1048576 MINEXTENTS 1 MAXEXTENTS 2147483645
  PCTINCREASE 0 FREELISTS 1 FREELIST GROUPS 1 BUFFER_POOL DEFAULT FLASH_CACHE DEFAULT CELL_FLASH_CACHE DEFAULT)
  TABLESPACE "USERS" ;
--------------------------------------------------------
--  DDL for Index REP_X_MTOS_PK
--------------------------------------------------------

  CREATE UNIQUE INDEX "REP_X_MTOS_PK" ON "REPUESTOS_X_MANTENIMIENTOS" ("CODIGO") 
  PCTFREE 10 INITRANS 2 MAXTRANS 255 COMPUTE STATISTICS 
  STORAGE(INITIAL 65536 NEXT 1048576 MINEXTENTS 1 MAXEXTENTS 2147483645
  PCTINCREASE 0 FREELISTS 1 FREELIST GROUPS 1 BUFFER_POOL DEFAULT FLASH_CACHE DEFAULT CELL_FLASH_CACHE DEFAULT)
  TABLESPACE "USERS" ;
--------------------------------------------------------
--  DDL for Index SERVICIOS_PK
--------------------------------------------------------

  CREATE UNIQUE INDEX "SERVICIOS_PK" ON "SERVICIOS" ("CODIGO") 
  PCTFREE 10 INITRANS 2 MAXTRANS 255 COMPUTE STATISTICS 
  STORAGE(INITIAL 65536 NEXT 1048576 MINEXTENTS 1 MAXEXTENTS 2147483645
  PCTINCREASE 0 FREELISTS 1 FREELIST GROUPS 1 BUFFER_POOL DEFAULT FLASH_CACHE DEFAULT CELL_FLASH_CACHE DEFAULT)
  TABLESPACE "USERS" ;
--------------------------------------------------------
--  DDL for Index SERVICIOS_X_MTO_PK
--------------------------------------------------------

  CREATE UNIQUE INDEX "SERVICIOS_X_MTO_PK" ON "SERVICIOS_X_MANTENIMIENTOS" ("CODIGO") 
  PCTFREE 10 INITRANS 2 MAXTRANS 255 COMPUTE STATISTICS 
  STORAGE(INITIAL 65536 NEXT 1048576 MINEXTENTS 1 MAXEXTENTS 2147483645
  PCTINCREASE 0 FREELISTS 1 FREELIST GROUPS 1 BUFFER_POOL DEFAULT FLASH_CACHE DEFAULT CELL_FLASH_CACHE DEFAULT)
  TABLESPACE "USERS" ;
--------------------------------------------------------
--  DDL for Index VEHICULOS_PK
--------------------------------------------------------

  CREATE UNIQUE INDEX "VEHICULOS_PK" ON "VEHICULOS" ("PLACA") 
  PCTFREE 10 INITRANS 2 MAXTRANS 255 COMPUTE STATISTICS 
  STORAGE(INITIAL 65536 NEXT 1048576 MINEXTENTS 1 MAXEXTENTS 2147483645
  PCTINCREASE 0 FREELISTS 1 FREELIST GROUPS 1 BUFFER_POOL DEFAULT FLASH_CACHE DEFAULT CELL_FLASH_CACHE DEFAULT)
  TABLESPACE "USERS" ;

--------------------------------------------------------
--  Constraints for Table CLIENTES
--------------------------------------------------------

  ALTER TABLE "CLIENTES" ADD CONSTRAINT "CLIENTES_PK" PRIMARY KEY ("DOCUMENTO", "TIPO_DOCUMENTO")
  USING INDEX PCTFREE 10 INITRANS 2 MAXTRANS 255 COMPUTE STATISTICS 
  STORAGE(INITIAL 65536 NEXT 1048576 MINEXTENTS 1 MAXEXTENTS 2147483645
  PCTINCREASE 0 FREELISTS 1 FREELIST GROUPS 1 BUFFER_POOL DEFAULT FLASH_CACHE DEFAULT CELL_FLASH_CACHE DEFAULT)
  TABLESPACE "USERS"  ENABLE;
 
  ALTER TABLE "CLIENTES" MODIFY ("TIPO_DOCUMENTO" NOT NULL ENABLE);
 
  ALTER TABLE "CLIENTES" MODIFY ("DOCUMENTO" NOT NULL ENABLE);
 
  ALTER TABLE "CLIENTES" MODIFY ("PRIMER_NOMBRE" NOT NULL ENABLE);
 
  ALTER TABLE "CLIENTES" MODIFY ("PRIMER_APELLIDO" NOT NULL ENABLE);
 
  ALTER TABLE "CLIENTES" MODIFY ("CELULAR" NOT NULL ENABLE);
 
  ALTER TABLE "CLIENTES" MODIFY ("DIRECCION" NOT NULL ENABLE);
 
  ALTER TABLE "CLIENTES" MODIFY ("EMAIL" NOT NULL ENABLE);
--------------------------------------------------------
--  Constraints for Table FOTOS
--------------------------------------------------------

  ALTER TABLE "FOTOS" ADD CONSTRAINT "FOTOS_PK" PRIMARY KEY ("CODIGO")
  USING INDEX PCTFREE 10 INITRANS 2 MAXTRANS 255 COMPUTE STATISTICS 
  STORAGE(INITIAL 65536 NEXT 1048576 MINEXTENTS 1 MAXEXTENTS 2147483645
  PCTINCREASE 0 FREELISTS 1 FREELIST GROUPS 1 BUFFER_POOL DEFAULT FLASH_CACHE DEFAULT CELL_FLASH_CACHE DEFAULT)
  TABLESPACE "USERS"  ENABLE;
 
  ALTER TABLE "FOTOS" MODIFY ("CODIGO" NOT NULL ENABLE);
 
  ALTER TABLE "FOTOS" MODIFY ("COD_MANTENIMIENTO" NOT NULL ENABLE);
--------------------------------------------------------
--  Constraints for Table MANTENIMIENTOS
--------------------------------------------------------

  ALTER TABLE "MANTENIMIENTOS" ADD CONSTRAINT "MTOS_PK" PRIMARY KEY ("CODIGO")
  USING INDEX PCTFREE 10 INITRANS 2 MAXTRANS 255 COMPUTE STATISTICS 
  STORAGE(INITIAL 65536 NEXT 1048576 MINEXTENTS 1 MAXEXTENTS 2147483645
  PCTINCREASE 0 FREELISTS 1 FREELIST GROUPS 1 BUFFER_POOL DEFAULT FLASH_CACHE DEFAULT CELL_FLASH_CACHE DEFAULT)
  TABLESPACE "USERS"  ENABLE;
 
  ALTER TABLE "MANTENIMIENTOS" MODIFY ("CODIGO" NOT NULL ENABLE);
 
  ALTER TABLE "MANTENIMIENTOS" MODIFY ("COD_PLACA" NOT NULL ENABLE);
 
  ALTER TABLE "MANTENIMIENTOS" MODIFY ("FECHA" NOT NULL ENABLE);
 
  ALTER TABLE "MANTENIMIENTOS" MODIFY ("MEC_DOCUMENTO" NOT NULL ENABLE);
 
  ALTER TABLE "MANTENIMIENTOS" MODIFY ("MEC_TIPO_DOCUMENTO" NOT NULL ENABLE);
--------------------------------------------------------
--  Constraints for Table MARCAS
--------------------------------------------------------

  ALTER TABLE "MARCAS" ADD CONSTRAINT "MARCAS_PK" PRIMARY KEY ("CODIGO")
  USING INDEX PCTFREE 10 INITRANS 2 MAXTRANS 255 COMPUTE STATISTICS 
  STORAGE(INITIAL 65536 NEXT 1048576 MINEXTENTS 1 MAXEXTENTS 2147483645
  PCTINCREASE 0 FREELISTS 1 FREELIST GROUPS 1 BUFFER_POOL DEFAULT FLASH_CACHE DEFAULT CELL_FLASH_CACHE DEFAULT)
  TABLESPACE "USERS"  ENABLE;
 
  ALTER TABLE "MARCAS" MODIFY ("CODIGO" NOT NULL ENABLE);
 
  ALTER TABLE "MARCAS" MODIFY ("NOMBRE_MARCA" NOT NULL ENABLE);
--------------------------------------------------------
--  Constraints for Table MECANICOS
--------------------------------------------------------

  ALTER TABLE "MECANICOS" ADD CONSTRAINT "MECANICOS_PK" PRIMARY KEY ("DOCUMENTO", "TIPO_DOCUMENTO")
  USING INDEX PCTFREE 10 INITRANS 2 MAXTRANS 255 COMPUTE STATISTICS 
  STORAGE(INITIAL 65536 NEXT 1048576 MINEXTENTS 1 MAXEXTENTS 2147483645
  PCTINCREASE 0 FREELISTS 1 FREELIST GROUPS 1 BUFFER_POOL DEFAULT FLASH_CACHE DEFAULT CELL_FLASH_CACHE DEFAULT)
  TABLESPACE "USERS"  ENABLE;
 
  ALTER TABLE "MECANICOS" MODIFY ("DOCUMENTO" CONSTRAINT "NNC_CLIENTEV1_CEDULA" NOT NULL ENABLE);
 
  ALTER TABLE "MECANICOS" MODIFY ("TIPO_DOCUMENTO" NOT NULL ENABLE);
 
  ALTER TABLE "MECANICOS" MODIFY ("PRIMER_NOMBRE" NOT NULL ENABLE);
 
  ALTER TABLE "MECANICOS" MODIFY ("PRIMER_APELLIDO" NOT NULL ENABLE);
 
  ALTER TABLE "MECANICOS" MODIFY ("CELULAR" NOT NULL ENABLE);
 
  ALTER TABLE "MECANICOS" MODIFY ("DIRECCION" NOT NULL ENABLE);
 
  ALTER TABLE "MECANICOS" MODIFY ("EMAIL" NOT NULL ENABLE);
 
  ALTER TABLE "MECANICOS" MODIFY ("ESTADO" NOT NULL ENABLE);
--------------------------------------------------------
--  Constraints for Table REPUESTOS
--------------------------------------------------------

  ALTER TABLE "REPUESTOS" ADD CONSTRAINT "REPUESTOS_PK" PRIMARY KEY ("CODIGO")
  USING INDEX PCTFREE 10 INITRANS 2 MAXTRANS 255 COMPUTE STATISTICS 
  STORAGE(INITIAL 65536 NEXT 1048576 MINEXTENTS 1 MAXEXTENTS 2147483645
  PCTINCREASE 0 FREELISTS 1 FREELIST GROUPS 1 BUFFER_POOL DEFAULT FLASH_CACHE DEFAULT CELL_FLASH_CACHE DEFAULT)
  TABLESPACE "USERS"  ENABLE;
 
  ALTER TABLE "REPUESTOS" MODIFY ("CODIGO" NOT NULL ENABLE);
 
  ALTER TABLE "REPUESTOS" MODIFY ("NOMBRE_REPUESTO" NOT NULL ENABLE);
 
  ALTER TABLE "REPUESTOS" MODIFY ("PRECIO_UNITARIO" NOT NULL ENABLE);
 
  ALTER TABLE "REPUESTOS" MODIFY ("UNIDADES_INVENTARIO" NOT NULL ENABLE);
 
  ALTER TABLE "REPUESTOS" MODIFY ("PROVEEDOR" NOT NULL ENABLE);
--------------------------------------------------------
--  Constraints for Table REPUESTOS_X_MANTENIMIENTOS
--------------------------------------------------------

  ALTER TABLE "REPUESTOS_X_MANTENIMIENTOS" ADD CONSTRAINT "REP_X_MTOS_PK" PRIMARY KEY ("CODIGO")
  USING INDEX PCTFREE 10 INITRANS 2 MAXTRANS 255 COMPUTE STATISTICS 
  STORAGE(INITIAL 65536 NEXT 1048576 MINEXTENTS 1 MAXEXTENTS 2147483645
  PCTINCREASE 0 FREELISTS 1 FREELIST GROUPS 1 BUFFER_POOL DEFAULT FLASH_CACHE DEFAULT CELL_FLASH_CACHE DEFAULT)
  TABLESPACE "USERS"  ENABLE;
 
  ALTER TABLE "REPUESTOS_X_MANTENIMIENTOS" MODIFY ("CODIGO" NOT NULL ENABLE);
 
  ALTER TABLE "REPUESTOS_X_MANTENIMIENTOS" MODIFY ("UNIDADES" NOT NULL ENABLE);
 
  ALTER TABLE "REPUESTOS_X_MANTENIMIENTOS" MODIFY ("TIEMPO_ESTIMADO" NOT NULL ENABLE);
 
  ALTER TABLE "REPUESTOS_X_MANTENIMIENTOS" MODIFY ("COD_MANTENIMIENTO" NOT NULL ENABLE);
 
  ALTER TABLE "REPUESTOS_X_MANTENIMIENTOS" MODIFY ("COD_REPUESTO" NOT NULL ENABLE);
--------------------------------------------------------
--  Constraints for Table SERVICIOS
--------------------------------------------------------

  ALTER TABLE "SERVICIOS" MODIFY ("CODIGO" CONSTRAINT "NNC_SERVICIO_IDSERVICIO" NOT NULL ENABLE);
 
  ALTER TABLE "SERVICIOS" MODIFY ("PRECIO" CONSTRAINT "NNC_SERVICIO_PRECIO" NOT NULL ENABLE);
 
  ALTER TABLE "SERVICIOS" ADD CONSTRAINT "SERVICIOS_PK" PRIMARY KEY ("CODIGO")
  USING INDEX PCTFREE 10 INITRANS 2 MAXTRANS 255 COMPUTE STATISTICS 
  STORAGE(INITIAL 65536 NEXT 1048576 MINEXTENTS 1 MAXEXTENTS 2147483645
  PCTINCREASE 0 FREELISTS 1 FREELIST GROUPS 1 BUFFER_POOL DEFAULT FLASH_CACHE DEFAULT CELL_FLASH_CACHE DEFAULT)
  TABLESPACE "USERS"  ENABLE;
 
  ALTER TABLE "SERVICIOS" MODIFY ("NOMBRE_SERVICIO" NOT NULL ENABLE);
--------------------------------------------------------
--  Constraints for Table SERVICIOS_X_MANTENIMIENTOS
--------------------------------------------------------

  ALTER TABLE "SERVICIOS_X_MANTENIMIENTOS" ADD CONSTRAINT "SERVICIOS_X_MTO_PK" PRIMARY KEY ("CODIGO")
  USING INDEX PCTFREE 10 INITRANS 2 MAXTRANS 255 COMPUTE STATISTICS 
  STORAGE(INITIAL 65536 NEXT 1048576 MINEXTENTS 1 MAXEXTENTS 2147483645
  PCTINCREASE 0 FREELISTS 1 FREELIST GROUPS 1 BUFFER_POOL DEFAULT FLASH_CACHE DEFAULT CELL_FLASH_CACHE DEFAULT)
  TABLESPACE "USERS"  ENABLE;
 
  ALTER TABLE "SERVICIOS_X_MANTENIMIENTOS" MODIFY ("CODIGO" NOT NULL ENABLE);
 
  ALTER TABLE "SERVICIOS_X_MANTENIMIENTOS" MODIFY ("TIEMPO_ESTIMADO" NOT NULL ENABLE);
 
  ALTER TABLE "SERVICIOS_X_MANTENIMIENTOS" MODIFY ("COD_SERVICIO" NOT NULL ENABLE);
 
  ALTER TABLE "SERVICIOS_X_MANTENIMIENTOS" MODIFY ("COD_MANTENIMIENTO" NOT NULL ENABLE);
--------------------------------------------------------
--  Constraints for Table VEHICULOS
--------------------------------------------------------

  ALTER TABLE "VEHICULOS" MODIFY ("PLACA" NOT NULL ENABLE);
 
  ALTER TABLE "VEHICULOS" MODIFY ("COLOR" NOT NULL ENABLE);
 
  ALTER TABLE "VEHICULOS" MODIFY ("COD_MARCA" NOT NULL ENABLE);
 
  ALTER TABLE "VEHICULOS" MODIFY ("CLI_DOCUMENTO" NOT NULL ENABLE);
 
  ALTER TABLE "VEHICULOS" MODIFY ("CLI_TIPO_DOCUMENTO" NOT NULL ENABLE);
 
  ALTER TABLE "VEHICULOS" ADD CONSTRAINT "VEHICULOS_PK" PRIMARY KEY ("PLACA")
  USING INDEX PCTFREE 10 INITRANS 2 MAXTRANS 255 COMPUTE STATISTICS 
  STORAGE(INITIAL 65536 NEXT 1048576 MINEXTENTS 1 MAXEXTENTS 2147483645
  PCTINCREASE 0 FREELISTS 1 FREELIST GROUPS 1 BUFFER_POOL DEFAULT FLASH_CACHE DEFAULT CELL_FLASH_CACHE DEFAULT)
  TABLESPACE "USERS"  ENABLE;
--------------------------------------------------------
--  Ref Constraints for Table FOTOS
--------------------------------------------------------

  ALTER TABLE "FOTOS" ADD CONSTRAINT "FOTOS_MAN_FK" FOREIGN KEY ("COD_MANTENIMIENTO")
	  REFERENCES "MANTENIMIENTOS" ("CODIGO") ENABLE;
--------------------------------------------------------
--  Ref Constraints for Table MANTENIMIENTOS
--------------------------------------------------------

  ALTER TABLE "MANTENIMIENTOS" ADD CONSTRAINT "MANTENIMIENTOS_MECANICOS_FK" FOREIGN KEY ("MEC_DOCUMENTO", "MEC_TIPO_DOCUMENTO")
	  REFERENCES "MECANICOS" ("DOCUMENTO", "TIPO_DOCUMENTO") ENABLE;
 
  ALTER TABLE "MANTENIMIENTOS" ADD CONSTRAINT "MAN_VEHICULOS_FK" FOREIGN KEY ("COD_PLACA")
	  REFERENCES "VEHICULOS" ("PLACA") ENABLE;
--------------------------------------------------------
--  Ref Constraints for Table REPUESTOS_X_MANTENIMIENTOS
--------------------------------------------------------

  ALTER TABLE "REPUESTOS_X_MANTENIMIENTOS" ADD CONSTRAINT "REP_X_MAN_REP_FK" FOREIGN KEY ("COD_REPUESTO")
	  REFERENCES "REPUESTOS" ("CODIGO") ENABLE;
 
  ALTER TABLE "REPUESTOS_X_MANTENIMIENTOS" ADD CONSTRAINT "REP_X_MTOS_MAN_FK" FOREIGN KEY ("COD_MANTENIMIENTO")
	  REFERENCES "MANTENIMIENTOS" ("CODIGO") ENABLE;
--------------------------------------------------------
--  Ref Constraints for Table SERVICIOS_X_MANTENIMIENTOS
--------------------------------------------------------

  ALTER TABLE "SERVICIOS_X_MANTENIMIENTOS" ADD CONSTRAINT "SER_X_MAN_MAN_FK" FOREIGN KEY ("COD_MANTENIMIENTO")
	  REFERENCES "MANTENIMIENTOS" ("CODIGO") ENABLE;
 
  ALTER TABLE "SERVICIOS_X_MANTENIMIENTOS" ADD CONSTRAINT "SER_X_MAN_SER_FK" FOREIGN KEY ("COD_SERVICIO")
	  REFERENCES "SERVICIOS" ("CODIGO") ENABLE;
--------------------------------------------------------
--  Ref Constraints for Table VEHICULOS
--------------------------------------------------------

  ALTER TABLE "VEHICULOS" ADD CONSTRAINT "VEHICULOS_CLIENTES_FK" FOREIGN KEY ("CLI_DOCUMENTO", "CLI_TIPO_DOCUMENTO")
	  REFERENCES "CLIENTES" ("DOCUMENTO", "TIPO_DOCUMENTO") ENABLE;
 
  ALTER TABLE "VEHICULOS" ADD CONSTRAINT "VEHICULOS_MARCAS_FK" FOREIGN KEY ("COD_MARCA")
	  REFERENCES "MARCAS" ("CODIGO") ENABLE;
